timestamp,model,provider,duration_seconds_sum_cumulative,request_count_cumulative
1788261480,tinyrick/Qwen3.8-27B-Uncensored-HauhauCS-Aggressive-MTP-GGUF:Q4_K_P,ollama,351.6059348583,1
1788261540,tinyrick/Qwen3.8-27B-Uncensored-HauhauCS-Aggressive-MTP-GGUF:Q4_K_P,ollama,351.6059348583,1
1788261600,tinyrick/Qwen3.8-27B-Uncensored-HauhauCS-Aggressive-MTP-GGUF:Q4_K_P,ollama,351.6059348583,1
1788261660,tinyrick/Qwen3.8-27B-Uncensored-HauhauCS-Aggressive-MTP-GGUF:Q4_K_P,ollama,351.6059348583,1
1788261720,tinyrick/Qwen3.8-27B-Uncensored-HauhauCS-Aggressive-MTP-GGUF:Q4_K_P,ollama,351.6059348583,1
1788261780,tinyrick/Qwen3.8-27B-Uncensored-HauhauCS-Aggressive-MTP-GGUF:Q4_K_P,ollama,351.6059348583,1
1788261840,tinyrick/Qwen3.8-27B-Uncensored-HauhauCS-Aggressive-MTP-GGUF:Q4_K_P,ollama,351.6059348583,1
1788261900,tinyrick/Qwen3.8-27B-Uncensored-HauhauCS-Aggressive-MTP-GGUF:Q4_K_P,ollama,351.6059348583,1
1788261960,tinyrick/Qwen3.8-27B-Uncensored-HauhauCS-Aggressive-MTP-GGUF:Q4_K_P,ollama,351.6059348583,1
1788262020,tinyrick/Qwen3.8-27B-Uncensored-HauhauCS-Aggressive-MTP-GGUF:Q4_K_P,ollama,351.6059348583,1
1788262080,tinyrick/Qwen3.8-27B-Uncensored-HauhauCS-Aggressive-MTP-GGUF:Q4_K_P,ollama,351.6059348583,1
1788262140,tinyrick/Qwen3.8-27B-Uncensored-HauhauCS-Aggressive-MTP-GGUF:Q4_K_P,ollama,351.6059348583,1
1788262200,tinyrick/Qwen3.8-27B-Uncensored-HauhauCS-Aggressive-MTP-GGUF:Q4_K_P,ollama,351.6059348583,1
1788262260,tinyrick/Qwen3.8-27B-Uncensored-HauhauCS-Aggressive-MTP-GGUF:Q4_K_P,ollama,351.6059348583,1
1788262320,tinyrick/Qwen3.8-27B-Uncensored-HauhauCS-Aggressive-MTP-GGUF:Q4_K_P,ollama,351.6059348583,1
1788262380,tinyrick/Qwen3.8-27B-Uncensored-HauhauCS-Aggressive-MTP-GGUF:Q4_K_P,ollama,351.6059348583,1
1788262440,tinyrick/Qwen3.8-27B-Uncensored-HauhauCS-Aggressive-MTP-GGUF:Q4_K_P,ollama,351.6059348583,1
1788262500,tinyrick/Qwen3.8-27B-Uncensored-HauhauCS-Aggressive-MTP-GGUF:Q4_K_P,ollama,351.6059348583,1
1788262560,tinyrick/Qwen3.8-27B-Uncensored-HauhauCS-Aggressive-MTP-GGUF:Q4_K_P,ollama,351.6059348583,1
1788262620,tinyrick/Qwen3.8-27B-Uncensored-HauhauCS-Aggressive-MTP-GGUF:Q4_K_P,ollama,351.6059348583,1
1788262680,tinyrick/Qwen3.8-27B-Uncensored-HauhauCS-Aggressive-MTP-GGUF:Q4_K_P,ollama,351.6059348583,1
1788262740,tinyrick/Qwen3.8-27B-Uncensored-HauhauCS-Aggressive-MTP-GGUF:Q4_K_P,ollama,351.6059348583,1
1788262800,tinyrick/Qwen3.8-27B-Uncensored-HauhauCS-Aggressive-MTP-GGUF:Q4_K_P,ollama,351.6059348583,1
1788262860,tinyrick/Qwen3.8-27B-Uncensored-HauhauCS-Aggressive-MTP-GGUF:Q4_K_P,ollama,351.6059348583,1
1788262920,tinyrick/Qwen3.8-27B-Uncensored-HauhauCS-Aggressive-MTP-GGUF:Q4_K_P,ollama,351.6059348583,1
1788262980,tinyrick/Qwen3.8-27B-Uncensored-HauhauCS-Aggressive-MTP-GGUF:Q4_K_P,ollama,351.6059348583,1
1788263040,tinyrick/Qwen3.8-27B-Uncensored-HauhauCS-Aggressive-MTP-GGUF:Q4_K_P,ollama,351.6059348583,1
1788263100,tinyrick/Qwen3.8-27B-Uncensored-HauhauCS-Aggressive-MTP-GGUF:Q4_K_P,ollama,351.6059348583,1
1788263160,tinyrick/Qwen3.8-27B-Uncensored-HauhauCS-Aggressive-MTP-GGUF:Q4_K_P,ollama,351.6059348583,1
1788263220,tinyrick/Qwen3.8-27B-Uncensored-HauhauCS-Aggressive-MTP-GGUF:Q4_K_P,ollama,351.6059348583,1
1788263280,tinyrick/Qwen3.8-27B-Uncensored-HauhauCS-Aggressive-MTP-GGUF:Q4_K_P,ollama,351.6059348583,1
1788263340,tinyrick/Qwen3.8-27B-Uncensored-HauhauCS-Aggressive-MTP-GGUF:Q4_K_P,ollama,351.6059348583,1
1788263400,tinyrick/Qwen3.8-27B-Uncensored-HauhauCS-Aggressive-MTP-GGUF:Q4_K_P,ollama,351.6059348583,1
1788263460,tinyrick/Qwen3.8-27B-Uncensored-HauhauCS-Aggressive-MTP-GGUF:Q4_K_P,ollama,351.6059348583,1
1788263520,tinyrick/Qwen3.8-27B-Uncensored-HauhauCS-Aggressive-MTP-GGUF:Q4_K_P,ollama,351.6059348583,1
1788263580,tinyrick/Qwen3.8-27B-Uncensored-HauhauCS-Aggressive-MTP-GGUF:Q4_K_P,ollama,351.6059348583,1
1788263640,tinyrick/Qwen3.8-27B-Uncensored-HauhauCS-Aggressive-MTP-GGUF:Q4_K_P,ollama,351.6059348583,1
1788263700,tinyrick/Qwen3.8-27B-Uncensored-HauhauCS-Aggressive-MTP-GGUF:Q4_K_P,ollama,351.6059348583,1
1788263760,tinyrick/Qwen3.8-27B-Uncensored-HauhauCS-Aggressive-MTP-GGUF:Q4_K_P,ollama,351.6059348583,1
1788263820,tinyrick/Qwen3.8-27B-Uncensored-HauhauCS-Aggressive-MTP-GGUF:Q4_K_P,ollama,351.6059348583,1
1788263880,tinyrick/Qwen3.8-27B-Uncensored-HauhauCS-Aggressive-MTP-GGUF:Q4_K_P,ollama,351.6059348583,1
1788263940,tinyrick/Qwen3.8-27B-Uncensored-HauhauCS-Aggressive-MTP-GGUF:Q4_K_P,ollama,351.6059348583,1
1788264000,tinyrick/Qwen3.8-27B-Uncensored-HauhauCS-Aggressive-MTP-GGUF:Q4_K_P,ollama,351.6059348583,1
1788264060,tinyrick/Qwen3.8-27B-Uncensored-HauhauCS-Aggressive-MTP-GGUF:Q4_K_P,ollama,351.6059348583,1
1788264120,tinyrick/Qwen3.8-27B-Uncensored-HauhauCS-Aggressive-MTP-GGUF:Q4_K_P,ollama,351.6059348583,1
1788264180,tinyrick/Qwen3.8-27B-Uncensored-HauhauCS-Aggressive-MTP-GGUF:Q4_K_P,ollama,351.6059348583,1
1788264240,tinyrick/Qwen3.8-27B-Uncensored-HauhauCS-Aggressive-MTP-GGUF:Q4_K_P,ollama,351.6059348583,1
1788264300,tinyrick/Qwen3.8-27B-Uncensored-HauhauCS-Aggressive-MTP-GGUF:Q4_K_P,ollama,351.6059348583,1
1788264360,tinyrick/Qwen3.8-27B-Uncensored-HauhauCS-Aggressive-MTP-GGUF:Q4_K_P,ollama,351.6059348583,1
1788264420,tinyrick/Qwen3.8-27B-Uncensored-HauhauCS-Aggressive-MTP-GGUF:Q4_K_P,ollama,351.6059348583,1
1788264480,tinyrick/Qwen3.8-27B-Uncensored-HauhauCS-Aggressive-MTP-GGUF:Q4_K_P,ollama,351.6059348583,1
1788264540,tinyrick/Qwen3.8-27B-Uncensored-HauhauCS-Aggressive-MTP-GGUF:Q4_K_P,ollama,351.6059348583,1
1788264600,tinyrick/Qwen3.8-27B-Uncensored-HauhauCS-Aggressive-MTP-GGUF:Q4_K_P,ollama,351.6059348583,1
1788264660,tinyrick/Qwen3.8-27B-Uncensored-HauhauCS-Aggressive-MTP-GGUF:Q4_K_P,ollama,351.6059348583,1
1788264720,tinyrick/Qwen3.8-27B-Uncensored-HauhauCS-Aggressive-MTP-GGUF:Q4_K_P,ollama,351.6059348583,1
1788264780,tinyrick/Qwen3.8-27B-Uncensored-HauhauCS-Aggressive-MTP-GGUF:Q4_K_P,ollama,351.6059348583,1
1788264840,tinyrick/Qwen3.8-27B-Uncensored-HauhauCS-Aggressive-MTP-GGUF:Q4_K_P,ollama,351.6059348583,1
1788264900,tinyrick/Qwen3.8-27B-Uncensored-HauhauCS-Aggressive-MTP-GGUF:Q4_K_P,ollama,351.6059348583,1
1788264960,tinyrick/Qwen3.8-27B-Uncensored-HauhauCS-Aggressive-MTP-GGUF:Q4_K_P,ollama,351.6059348583,1
1788265020,tinyrick/Qwen3.8-27B-Uncensored-HauhauCS-Aggressive-MTP-GGUF:Q4_K_P,ollama,351.6059348583,1
1788265080,tinyrick/Qwen3.8-27B-Uncensored-HauhauCS-Aggressive-MTP-GGUF:Q4_K_P,ollama,351.6059348583,1
